INSERT INTO CharacterLevels(Level, Experience)
VALUES
	(1, 1000), (2, 1325), (3, 1700), (4, 2150), (5, 2625), (6, 3150), (7, 3725), (8, 4350), (9, 5000),
	(10, 5700), (11, 6450), (12, 7225), (13, 8050), (14, 8925), (15, 9825), (16, 10750), (17, 11725), (18, 12725),
	(19, 13775), (20, 14875), (21, 16800), (22, 18000), (23, 19250), (24, 20550), (25, 21875), (26, 23250), (27, 24650),
	(28, 26100), (29, 27575), (30, 29100), (31, 30650), (32, 32250), (33, 33875), (34, 35550), (35, 37250), (36, 38975),
	(37, 40750), (38, 42575), (39, 44425), (40, 46300), (41, 50625), (42, 52700), (43, 54775), (44, 56900), (45, 59075),
	(46, 61275), (47, 63525), (48, 65800), (49, 68125), (50, 70475), (51, 76500), (52, 79050), (53, 81650), (54, 84275),
	(55, 86950), (56, 89650), (57, 92400), (58, 95175), (59, 98000), (60, 100875), (61, 108950), (62, 112050), (63, 115175),
	(64, 118325), (65, 121525), (66, 124775), (67, 128075), (68, 131400), (69, 134775), (70, 138175), (71, 148700), (72, 152375),
	(73, 156075), (74, 159825), (75, 163600), (76, 167425), (77, 171300), (78, 175225), (79, 179175), (80, 183175), (81, 216225),
	(82, 243025), (83, 273100), (84, 306800), (85, 344600), (86, 386950), (87, 434425), (88, 487625), (89, 567200), (90, 0);

INSERT INTO Ranks(Rank, MinLevel, MaxLevel)
VALUES
	(0, 1, 20),
	(1, 20, 40),
	(2, 40, 50),
	(3, 50, 60),
	(4, 60, 70),
	(5, 70, 80),
	(6, 80, 90);

INSERT INTO WeaponLevels(Level, Experience)
VALUES
	(1, 600), (2, 950), (3, 1350), (4, 1800), (5, 2325), (6, 2925), (7, 3525), (8, 4200), (9, 4950),
	(10, 5700), (11, 6525), (12, 7400), (13, 8300), (14, 9225), (15, 10200), (16, 11250), (17, 12300), (18, 13425),
	(19, 14600), (20, 15750), (21, 17850), (22, 19175), (23, 20550), (24, 21975), (25, 23450), (26, 24950), (27, 26475),
	(28, 28050), (29, 29675), (30, 31350), (31, 33050), (32, 34800), (33, 36575), (34, 38400), (35, 40250), (36, 42150),
	(37, 44100), (38, 46100), (39, 48125), (40, 50150), (41, 54875), (42, 57125), (43, 59400), (44, 61725), (45, 64100),
	(46, 66500), (47, 68925), (48, 71400), (49, 73950), (50, 76500), (51, 83075), (52, 85850), (53, 88650), (54, 91550),
	(55, 94425), (56, 97400), (57, 100350), (58, 103400), (59, 106475), (60, 109575), (61, 118350), (62, 121700), (63, 125100),
	(64, 128550), (65, 132050), (66, 135575), (67, 139125), (68, 142725), (69, 146375), (70, 150075), (71, 161525), (72, 165500),
	(73, 169500), (74, 173550), (75, 177650), (76, 181800), (77, 186000), (78, 190250), (79, 194525), (80, 198875), (81, 234725),
	(82, 263825), (83, 296400), (84, 332975), (85, 373950), (86, 419925), (87, 471375), (88, 529050), (89, 593675), (90, 0);

INSERT INTO ResourceClasses(Id, Name)
VALUES
	(1, 'resourceFromWorld'),
	(2, 'resourceFromMob'),
	(3, 'resourceFromBoss'),
	(4, 'resourceFromDungeon'),
	(5, 'eleva');

INSERT INTO Characters(Id, Name, Level, Rank)
VALUES
	(1, 'Эмбер', 60, 3),
	(2, 'Кэйа', 60, 3),
	(3, 'Лиза', 90, 6),
	(4, 'Барбара', 60, 3),
	(5, 'Рэйзор', 60, 3);

INSERT INTO Weapons(Id, Name, Level, Rank)
VALUES
	(1, 'Небесное крыло', 90, 6),
	(2, 'Рассекающий туман', 70, 4),
	(3, 'Меч Сокола', 20, 0),
	(4, 'Небесный меч', 50, 2),
	(5, 'Благодатный владыка вод', 60, 3);

INSERT INTO ResourceCountForCharacterElevations(Rank, ResourceClassId, ResourceRarity, ResourceCount)
VALUES
	(1, 5, 2, 1), (1, 1, 1, 3), (1, 2, 1, 3),
	(2, 5, 3, 3), (2, 3, 4, 2), (2, 1, 1, 10), (2, 2, 1, 15),
	(3, 5, 3, 6), (3, 3, 4, 4), (3, 1, 1, 20), (3, 2, 2, 12),
	(4, 5, 4, 3), (4, 3, 4, 8), (4, 1, 1, 30), (4, 2, 2, 18),
	(5, 5, 4, 6), (5, 3, 4, 12), (5, 1, 1, 45), (5, 2, 3, 12),
	(6, 5, 5, 6), (6, 3, 4, 20), (6, 1, 1, 60), (6, 2, 3, 24);

INSERT INTO ResourceCountForWeaponElevations(Rank, ResourceClassId, ResourceType, ResourceRarity, ResourceCount)
VALUES
	(1, 4, 0, 2, 5), (1, 2, 0, 2, 5), (1, 2, 1, 1, 3),
	(2, 4, 0, 3, 5), (2, 2, 0, 2, 18), (2, 2, 1, 1, 12),
	(3, 4, 0, 3, 9), (3, 2, 0, 3, 9), (3, 2, 1, 2, 9),
	(4, 4, 0, 4, 5), (4, 2, 0, 3, 18), (4, 2, 1, 2, 14),
	(5, 4, 0, 4, 9), (5, 2, 0, 4, 14), (5, 2, 1, 3, 9),
	(6, 4, 0, 5, 6), (6, 2, 0, 4, 27), (6, 2, 1, 3, 18);

INSERT INTO Resources(Id, Name, Rarity, ResourceClassId)
VALUES
	(1, 'Опыт героя', 4, 5),
	(2, 'Опыт искателя приключений', 3, 5),
	(3, 'Опыт странника', 2, 5),
	(4, 'Осколок агата Агнидус', 2, 5),
	(5, 'Фрагмент агата Агнидус', 3, 5),
	(6, 'Кусок агата Агнидус', 4, 5),
	(7, 'Драгоценный агат Агнидус', 5, 5),
	(8, 'Трава-светяшка', 1, 1),
	(9, 'Прочный наконечник стрелы', 1, 2),
	(10, 'Острый наконечник стрелы', 2, 2),
	(11, 'Старый наконечник стрелы', 3, 2),
	(12, 'Пылающее семя', 4, 3),
	(13, 'Осколок нефрита Шивада', 2, 5),
	(14, 'Фрагмент нефрита Шивада', 3, 5),
	(15, 'Кусок нефрита Шивада', 4, 5),
	(16, 'Драгоценный нефрит Шивада', 5, 5),
	(17, 'Лилия Калла', 1, 1),
	(18, 'Печать похитителей сокровищ', 1, 2),
	(19, 'Печать серебрянного ворона', 2, 2),
	(20, 'Печать золотого ворона', 3, 2),
	(21, 'Инеевое ядро', 4, 3);

INSERT INTO Inventory(ResourceId, ResourceCount)
VALUES
	(1, 914),
	(2, 565),
	(3, 1),
	(4, 18),
	(5, 14),
	(6, 2),
	(7, 7),
	(8, 134),
	(9, 1039),
	(10, 232),
	(11, 88),
	(12, 7),
	(13, 33),
	(14, 18),
	(15, 4),
	(16, 17),
	(17, 219),
	(18, 195),
	(19, 36),
	(20, 147),
	(21, 2);

INSERT INTO CharacterResources(CharacterId, ResourceId)
VALUES
	(1, 4), (1, 5), (1, 6), (1, 7), (1, 8), (1, 9), (1, 10), (1, 11), (1, 12),
	(2, 13), (2, 14), (2, 15), (2, 16), (2, 17), (2, 18), (2, 19), (2, 20), (2, 21);