INSERT INTO CharacterLevels(Level, Experience)
VALUES
	(1, 1000), (2, 1325), (3, 1700), (4, 2150), (5, 2625), (6, 3150), (7, 3725), (8, 4350), (9, 5000),
	(10, 5700), (11, 6450), (12, 7225), (13, 8050), (14, 8925), (15, 9825), (16, 10750), (17, 11725), (18, 12725),
	(19, 13775), (20, 14875), (21, 16800), (22, 18000), (23, 19250), (24, 20550), (25, 21875), (26, 23250), (27, 24650),
	(28, 26100), (29, 27575), (30, 29100), (31, 30650), (32, 32250), (33, 33875), (34, 35550), (35, 37250), (36, 38975),
	(37, 40750), (38, 42575), (39, 44425), (40, 46300), (41, 50625), (42, 52700), (43, 54775), (44, 56900), (45, 59075),
	(46, 61275), (47, 63525), (48, 65800), (49, 68125), (50, 70475), (51, 76500), (52, 79050), (53, 81650), (54, 84275),
	(55, 86950), (56, 89650), (57, 92400), (58, 95175), (59, 98000), (60, 100875), (61, 108950), (62, 112050), (63, 115175),
	(64, 118325), (65, 121525), (66, 124775), (67, 128075), (68, 131400), (69, 134775), (70, 138175), (71, 148700), (72, 152375),
	(73, 156075), (74, 159825), (75, 163600), (76, 167425), (77, 171300), (78, 175225), (79, 179175), (80, 183175), (81, 216225),
	(82, 243025), (83, 273100), (84, 306800), (85, 344600), (86, 386950), (87, 434425), (88, 487625), (89, 547200), (90, 0);

INSERT INTO Ranks(Rank, MinLevel, MaxLevel)
VALUES
	(0, 1, 20),
	(1, 20, 40),
	(2, 40, 50),
	(3, 50, 60),
	(4, 60, 70),
	(5, 70, 80),
	(6, 80, 90);

INSERT INTO WeaponLevels(Level, Experience)
VALUES
	(1, 600), (2, 950), (3, 1350), (4, 1800), (5, 2325), (6, 2925), (7, 3525), (8, 4200), (9, 4950),
	(10, 5700), (11, 6525), (12, 7400), (13, 8300), (14, 9225), (15, 10200), (16, 11250), (17, 12300), (18, 13425),
	(19, 14600), (20, 15750), (21, 17850), (22, 19175), (23, 20550), (24, 21975), (25, 23450), (26, 24950), (27, 26475),
	(28, 28050), (29, 29675), (30, 31350), (31, 33050), (32, 34800), (33, 36575), (34, 38400), (35, 40250), (36, 42150),
	(37, 44100), (38, 46100), (39, 48125), (40, 50150), (41, 54875), (42, 57125), (43, 59400), (44, 61725), (45, 64100),
	(46, 66500), (47, 68925), (48, 71400), (49, 73950), (50, 76500), (51, 83075), (52, 85850), (53, 88650), (54, 91550),
	(55, 94425), (56, 97400), (57, 100350), (58, 103400), (59, 106475), (60, 109575), (61, 118350), (62, 121700), (63, 125100),
	(64, 128550), (65, 132050), (66, 135575), (67, 139125), (68, 142725), (69, 146375), (70, 150075), (71, 161525), (72, 165500),
	(73, 169500), (74, 173550), (75, 177650), (76, 181800), (77, 186000), (78, 190250), (79, 194525), (80, 198875), (81, 234725),
	(82, 263825), (83, 296400), (84, 332975), (85, 373950), (86, 419925), (87, 471375), (88, 529050), (89, 593675), (90, 0);

INSERT INTO ResourceClasses(Id, Name)
VALUES
	(1, 'resourceFromWorld'),
	(2, 'resourceFromMob'),
	(3, 'resourceFromBoss'),
	(4, 'resourceFromDungeon'),
	(5, 'elevationStones'),
	(6, 'experience');

INSERT INTO Characters(Id, Name, Level, Rank)
VALUES
	(1, 'Эмбер', 60, 3),
	(2, 'Кэйа', 60, 3),
	(3, 'Лиза', 90, 6),
	(4, 'Барбара', 60, 3),
	(5, 'Рэйзор', 60, 3),
	(6, 'Сян Лин', 60, 3),
	(7, 'Бэй Доу', 90, 6),
	(8, 'Син Цю', 90, 6),
	(9, 'Нин Гуан', 60, 3),
	(10, 'Фишль', 70, 4),
	(11, 'Беннет', 80, 5),
	(12, 'Ноэлль', 70, 4),
	(13, 'Чун Юнь', 60, 3),
	(14, 'Сахароза', 90, 6),
	(15, 'Джинн', 60, 3),
	(16, 'Дилюк', 90, 6),
	(17, 'Ци ци', 60, 3),
	(18, 'Мона', 70, 4),
	(19, 'Кэ Цин', 50, 2),
	(20, 'Венти', 80, 5),
	(21, 'Кли', 90, 6),
	(22, 'Диона', 70, 4),
	(23, 'Тарталья', 90, 6),
	(24, 'Синь Янь', 50, 3),
	(25, 'Чжун Ли', 90, 6),
	(26, 'Альбедо', 1, 0),
	(27, 'Гань Юй', 90, 6),
	(28, 'Сяо', 90, 6),
	(29, 'Ху Тао', 1, 0),
	(30, 'Розария', 70, 4),
	(31, 'Янь Фэй', 60, 3),
	(32, 'Эола', 90, 6),
	(33, 'Кадзуха', 90, 6),
	(34, 'Аяка', 1, 0),
	(35, 'Саю', 60, 3),
	(36, 'Ёимия', 90, 6),
	(37, 'Элой', 50, 3),
	(38, 'Сара', 60, 3),
	(39, 'Райден', 90, 6),
	(40, 'Кокоми', 90, 6),
	(41, 'Тома', 60, 3),
	(42, 'Горо', 40, 1),
	(43, 'Итто', 1, 0),
	(44, 'Юнь Цзинь', 70, 4),
	(45, 'Шань Хэ', 60, 3),
	(46, 'Яэ Мико', 50, 2),
	(47, 'Аято', 20, 1),
	(48, 'Е Лань', 90, 6),
	(49, 'Синобу', 60, 3),
	(50, 'Хэйдзо', 60, 3),
	(51, 'Коллеи', 50, 2),
	(52, 'Тигнари', 20, 1),
	(53, 'Дори', 60, 3),
	(54, 'Кандакия', 40, 1),
	(55, 'Сайно', 50, 2),
	(56, 'Нила', 60, 3),
	(57, 'Нахида', 80, 5),
	(58, 'Лайла', 50, 2),
	(59, 'Фарузан', 40, 1),
	(60, 'Странник', 60, 3),
	(61, 'Яо Яо', 50, 2),
	(62, 'Аль-Хайтам', 40, 1),
	(63, 'Дэхья', 1, 0),
	(64, 'Мика', 60, 3),
	(65, 'Кавех', 40, 1),
	(66, 'Бай Чжу', 1, 0),
	(67, 'Кирара', 50, 2),
	(68, 'Линетт', 20, 1),
	(69, 'Лини', 1, 0),
	(70, 'Фремине', 40, 2),
	(71, 'Нёвилет', 1, 0),
	(72, 'Ризли', 1, 0),
	(73, 'Шарлота', 1, 0),
	(74, 'Фурина', 1, 0);

INSERT INTO Weapons(Id, Name, Level, Rank)
VALUES
	(1, 'Небесное крыло', 90, 6),
	(2, 'Рассекающий туман', 70, 4),
	(3, 'Меч Сокола', 20, 0),
	(4, 'Небесный меч', 50, 2),
	(5, 'Благодатный владыка вод', 60, 3),
	(6, 'Меч Фавония', 80, 5),
	(7, 'Бесструнный', 80, 5),
	(8, 'Небесная ось', 1, 0),
	(9, 'Церемониальный лук', 70, 4),
	(10, 'Прототип: Янтарь', 70, 4),
	(11, 'Прототип: Архаичный', 60, 3),
	(12, 'Копьё послание ветров', 20, 0);

INSERT INTO ResourceCountForCharacterElevations(Rank, ResourceClassId, ResourceRarity, ResourceCount)
VALUES
	(1, 5, 2, 1), (1, 1, 1, 3), (1, 2, 1, 3),
	(2, 5, 3, 3), (2, 3, 4, 2), (2, 1, 1, 10), (2, 2, 1, 15),
	(3, 5, 3, 6), (3, 3, 4, 4), (3, 1, 1, 20), (3, 2, 2, 12),
	(4, 5, 4, 3), (4, 3, 4, 8), (4, 1, 1, 30), (4, 2, 2, 18),
	(5, 5, 4, 6), (5, 3, 4, 12), (5, 1, 1, 45), (5, 2, 3, 12),
	(6, 5, 5, 6), (6, 3, 4, 20), (6, 1, 1, 60), (6, 2, 3, 24);

INSERT INTO ResourceCountForWeaponElevations(Rank, ResourceClassId, ResourceType, ResourceRarity, ResourceCount)
VALUES
	(1, 4, 0, 2, 5), (1, 2, 0, 2, 5), (1, 2, 1, 1, 3),
	(2, 4, 0, 3, 5), (2, 2, 0, 2, 18), (2, 2, 1, 1, 12),
	(3, 4, 0, 3, 9), (3, 2, 0, 3, 9), (3, 2, 1, 2, 9),
	(4, 4, 0, 4, 5), (4, 2, 0, 3, 18), (4, 2, 1, 2, 14),
	(5, 4, 0, 4, 9), (5, 2, 0, 4, 14), (5, 2, 1, 3, 9),
	(6, 4, 0, 5, 6), (6, 2, 0, 4, 27), (6, 2, 1, 3, 18);

INSERT INTO Resources(Id, Name, Rarity, ResourceClassId)
VALUES
	(1, 'Опыт героя', 4, 5),
	(2, 'Опыт искателя приключений', 3, 5),
	(3, 'Опыт странника', 2, 5),
	(4, 'Осколок агата Агнидус', 2, 5),
	(5, 'Фрагмент агата Агнидус', 3, 5),
	(6, 'Кусок агата Агнидус', 4, 5),
	(7, 'Драгоценный агат Агнидус', 5, 5),
	(8, 'Трава-светяшка', 1, 1),
	(9, 'Прочный наконечник стрелы', 1, 2),
	(10, 'Острый наконечник стрелы', 2, 2),
	(11, 'Старый наконечник стрелы', 3, 2),
	(12, 'Пылающее семя', 4, 3),
	(13, 'Осколок нефрита Шивада', 2, 5),
	(14, 'Фрагмент нефрита Шивада', 3, 5),
	(15, 'Кусок нефрита Шивада', 4, 5),
	(16, 'Драгоценный нефрит Шивада', 5, 5),
	(17, 'Лилия Калла', 1, 1),
	(18, 'Печать похитителей сокровищ', 1, 2),
	(19, 'Печать серебрянного ворона', 2, 2),
	(20, 'Печать золотого ворона', 3, 2),
	(21, 'Инеевое ядро', 4, 3),
	(22, 'Слизь слайма', 1, 2),
	(23, 'Выделения слайма', 2, 2),
	(24, 'Концетрат слайма', 3, 2),
	(25, 'Разбитая маска', 1, 2),
	(26, 'Грязная маска', 2, 2),
	(27, 'Зловещая маска', 3, 2),
	(28, 'Свиток божественной магии', 1, 2),
	(29, 'Свиток печати', 2, 2),
	(30, 'Свиток запретного проклятия', 3, 2),
	(31, 'Тяжёлый рог', 2, 2),
	(32, 'Чёрный бронзовый рог', 3, 2),
	(33, 'Чёрный кристаллический рог', 4, 2),
	(34, 'Ветви артерий земли', 2, 2),
	(35, 'Листья артерий земли', 3, 2),
	(36, 'Ростки артерий земли', 4, 2),
	(37, 'Устройство хаоса', 2, 2),
	(38, 'Цепь хаоса', 3, 2),
	(39, 'Ядро хаоса', 4, 2),
	(40, 'Пыльца туманной травы', 2, 2),
	(41, 'Мешочек с туманной травой', 3, 2),
	(42, 'Пучок туманной травы', 4, 2),
	(43, 'Церемониальный нож охотника', 2, 2),
	(44, 'Церемониальный нож агента', 3, 2),
	(45, 'Церемониальный нож инспектора', 4, 2),
	(46, 'Шеврон рядового', 1, 2),
	(47, 'Шеврон сержанта', 2, 2),
	(48, 'Шеврон офицера', 3, 2),
	(49, 'Нектар попрыгуньи', 1, 2),
	(50, 'Мерцающий нектар', 2, 2),
	(51, 'Элементальный нектар', 3, 2),
	(52, 'Хрупкие останки', 2, 2),
	(53, 'Крепкие останки', 3, 2),
	(54, 'Окаменевшие останки', 4, 2),
	(55, 'Старая гарда', 1, 2),
	(56, 'Гарда кагэути', 2, 2),
	(57, 'Прославленная гарда', 3, 2),
	(58, 'Механизм хаоса', 2, 2),
	(59, 'Ось хаоса', 3, 2),
	(60, 'Око хаоса', 4, 2),
	(61, 'Тёмная призма', 2, 2),
	(62, 'Кристальная призма', 3, 2),
	(63, 'Поляризационная призма', 4, 2),
	(64, 'Призрачная оболочка', 1, 2),
	(65, 'Призрачное сердце', 2, 2),
	(66, 'Призрачное ядро', 3, 2),
	(67, 'Скрытый коготь', 2, 2),
	(68, 'Скрытый заточенный коготь', 3, 2),
	(69, 'Скрытый дьявольский коготь', 4, 2),
	(70, 'Мрачная статуэтка', 2, 2),
	(71, 'Тёмная статуэтка', 3, 2),
	(72, 'Смертельная статуэтка', 4, 2),
	(73, 'Споры плесенника', 1, 2),
	(74, 'Светящаяся пыльца', 2, 2),
	(75, 'Пыль кристаллоцистов', 3, 2),
	(76, 'Неактивное ядро плесенника', 2, 2),
	(77, 'Спящее ядро плесенника', 3, 2),
	(78, 'Здоровое ядро плесенника', 4, 2),
	(79, 'Выцветший красный шёлк', 1, 2),
	(80, 'Окаймлённый красный шёлк', 2, 2),
	(81, 'Златотканный красный шёлк', 3, 2),
	(82, 'Сосуд хаоса', 2, 2),
	(83, 'Модуль хаоса', 3, 2),
	(84, 'Анкер хаоса', 4, 2),
	(85, 'Сломанная призма', 2, 2),
	(86, 'Загрязнённая призма', 3, 2),
	(87, 'Блестящая призма', 4, 2),
	(88, 'Опустошённая оболочка', 2, 2),
	(89, 'Прочная оболочка', 3, 2),
	(90, 'Меченая оболочка', 4, 2),
	(91, 'Нераспустившийся цветок', 2, 2),
	(92, 'Заветный цветок', 3, 2),
	(93, 'Распустившийся цветок странника', 4, 2),
	(94, 'Жемчужина иноморья', 1, 2),
	(95, 'Обломок из иноморья', 2, 2),
	(96, 'Ксенохромный кристалл', 3, 2),
	(97, 'Сцепляющаяся шестерня', 1, 2),
	(98, 'Шестерня механизма', 2, 2),
	(99, 'Изощрённая динамическая шестерня', 3, 2),
	(100, 'Мутная капля', 2, 2),
	(101, 'Мутная лужица', 3, 2),
	(102, 'Новорождённый фантазм мутных вод', 4, 2),
	(103, 'Ядро расщелины', 2, 2),
	(104, 'Иноземный обломок', 3, 2),
	(105, 'Чужеродное ядро', 4, 2),
	(106, 'Старые карманные часы сенешаля', 2, 2),
	(107, 'Штатные карманные часы сенешаля', 3, 2),
	(108, 'Постоянство сенешаля', 4, 2),
	(109, 'Семя урагана', 4, 3),
	(110, 'Призма молнии', 4, 3),
	(111, 'Базальтовая колонна', 4, 3),
	(112, 'Очищающее сердце', 4, 3),
	(113, 'Незрелый нефрит', 4, 3),
	(114, 'Цветение кристалла', 4, 3),
	(115, 'Ядро марионетки', 4, 3),
	(116, 'Сердце бесконечного механизма', 4, 3),
	(117, 'Тлеющая жемчужина', 4, 3),
	(118, 'Роса отречения', 4, 3),
	(119, 'Штормовой жемчуг', 4, 3),
	(120, 'Эмблема разрыва', 4, 3),
	(121, 'Ложный плавник', 4, 3),
	(122, 'Рунический клык', 4, 3),
	(123, 'Клюв короля плесенников', 4, 3),
	(124, 'Плод грома', 4, 3),
	(125, 'Вечный механизм', 4, 3),
	(126, 'Светопроводящий тетраэдр', 4, 3),
	(127, 'Подавленная лоза', 4, 3),
	(128, 'Псевдотычинки', 4, 3),
	(129, 'Кольцо вечного мрака', 4, 3),
	(130, 'Запасная деталь чудного механизма: Коппелия', 4, 3),
	(131, 'Запасная деталь чудного механизма: Коппелиус', 4, 3),
	(132, 'Приговор императора', 4, 3),
	(133, 'Турбийон', 4, 3),
	(134, 'Рог Фонтмера', 4, 3),
	(135, 'Вода, не достигшая перехода', 4, 3),
	(136, 'Осколок лазурита Варунада', 2, 5),
	(137, 'Фрагмент лазурита Варунада', 3, 5),
	(138, 'Кусок лазурита Варунада', 4, 5),
	(139, 'Драгоценный лазурит Варунада', 5, 5),
	(140, 'Осколок аметиста Ваджрада', 2, 5),
	(141, 'Фрагмент аметиста Ваджрада', 3, 5),
	(142, 'Кусок аметиста Ваджрада', 4, 5),
	(143, 'Драгоценный аметист Ваджрада', 5, 5),
	(144, 'Осколок бирюзы Вайюда', 2, 5),
	(145, 'Фрагмент бирюзы Вайюда', 3, 5),
	(146, 'Кусок бирюзы Вайюда', 4, 5),
	(147, 'Драгоценная бирюза Вайюда', 5, 5),
	(148, 'Осколок топаза Притхива', 2, 5),
	(149, 'Фрагмент топаза Притхива', 3, 5),
	(150, 'Кусок топаза Притхива', 4, 5),
	(151, 'Драгоценный топаз Притхива', 5, 5),
	(152, 'Осколок изумруда Нагадус', 2, 5),
	(153, 'Фрагмент изумруда Нагадус', 3, 5),
	(154, 'Кусок изумруда Нагадус', 4, 5),
	(155, 'Драгоценный изумруд Нагадус', 5, 5),
	(156, 'Волчий крюк', 1, 1),
	(157, 'Валяшка', 1, 1),
	(158, 'Сесилия', 1, 1),
	(159, 'Ветряная астра', 1, 1),
	(160, 'Гриб филанемо', 1, 1),
	(161, 'Семена одуванчиков', 1, 1),
	(162, 'Заоблачный перчик', 1, 1),
	(163, 'Полуночный нефрит', 1, 1),
	(164, 'Шелковица', 1, 1),
	(165, 'Глазурная лилия', 1, 1),
	(166, 'Цветок цинсинь', 1, 1),
	(167, 'Звёздная ракушка', 1, 1),
	(168, 'Стеклянный колокольчики', 1, 1),
	(169, 'Кор ляпис', 1, 1),
	(170, 'Оникабуто', 1, 1),
	(171, 'Цвет сакуры', 1, 1),
	(172, 'Кристальный костный мозг', 1, 1),
	(173, 'Кровоцвет', 1, 1),
	(174, 'Трава наку', 1, 1),
	(175, 'Морской гриб', 1, 1),
	(176, 'Жемчужина санго', 1, 1),
	(177, 'Плод облачной травы', 1, 1),
	(178, 'Светящийся гриб', 1, 1),
	(179, 'Грибы руккхашава', 1, 1),
	(180, 'Падисара', 1, 1),
	(181, 'Лотос нилотпала', 1, 1),
	(182, 'Лотос кальпалата', 1, 1),
	(183, 'Красноплодник', 1, 1),
	(184, 'Личинка песчаного жировика', 1, 1),
	(185, 'Цветы скорби', 1, 1),
	(186, 'Тришираит', 1, 1),
	(187, 'Скарабей', 1, 1),
	(188, 'Берилловая ракушка', 1, 1),
	(189, 'Ромарин', 1, 1),
	(190, 'Ламповый колокольчик', 1, 1),
	(191, 'Радужная роза', 1, 1),
	(192, 'Темнозвёздник', 1, 1),
	(193, 'Лилия озёрного света', 1, 1),
	(194, 'Миниатюрный детектор', 1, 1),
	(195, 'Источник первой росы', 1, 1);

INSERT INTO Inventory(ResourceId, ResourceCount)
VALUES
	(1, 914), (2, 565), (3, 1), (4, 18), (5, 14), (6, 2), (7, 7), (8, 134), (9, 1039), (10, 232), (11, 88), (12, 7), (13, 33),
	(14, 18), (15, 4), (16, 17), (17, 219), (18, 195), (19, 36), (20, 147), (21, 2), (22, 311), (23, 132), (24, 224), (25, 2077), (26, 322),
	(27, 74), (28, 189), (29, 83), (30, 312), (31, 1895), (32, 441), (33, 61), (34, 591), (35, 147), (36, 17), (37, 333), (38, 25), (39, 6),
	(40, 167), (41, 32), (42, 4), (43, 13), (44, 5), (45, 4), (46, 173), (47, 57), (48, 98), (49, 129), (50, 24), (51, 55), (52, 75),
	(53, 19), (54, 0), (55, 82), (56, 62), (57, 2), (58, 547), (59, 100), (60, 32), (61, 196), (62, 46), (63, 6), (64, 17), (65, 2),
	(66, 3), (67, 174), (68, 45), (69, 12), (70, 96), (71, 29), (72, 7), (73, 167), (74, 27), (75, 5), (76, 620), (77, 140), (78, 6),
	(79, 274), (80, 65), (81, 25), (82, 95), (83, 25), (84, 7), (85, 147), (86, 34), (87, 9), (88, 71), (89, 16), (90,3), (91, 68),
	(92, 10), (93, 3), (94, 78), (95, 12), (96, 8), (97, 111), (98, 25), (99, 8), (100, 38), (101, 9), (102, 1), (103, 66), (104, 12),
	(105, 6), (106, 15), (107, 4), (108, 1), (109, 3), (110, 3), (111, 0), (112, 2), (113, 2), (114, 1), (115, 0), (116, 6), (117, 2),
	(118, 0), (119, 2), (120, 4), (121, 3), (122, 0), (123, 10), (124, 2), (125, 28), (126, 5), (127, 29), (128, 3), (129, 2), (130, 5),
	(131, 0), (132, 6), (133, 0), (134, 0), (135, 0), (136, 40), (137, 27), (138, 0), (139, 5), (140, 32), (141, 24), (142, 0), (143, 15),
	(144, 30), (145, 28), (146, 1), (147, 0), (148, 18), (149, 12), (150, 1), (151, 22), (152, 49), (153, 35), (154, 5), (155, 6), (156, 23),
	(157, 488), (158, 23), (159, 450), (160, 30), (161, 63), (162, 199), (163, 17), (164, 398), (165, 60), (166, 3), (167, 27), (168, 48), (169, 9),
	(170, 8), (171, 21), (172, 6), (173, 41), (174, 66), (175, 47), (176, 8), (177, 3), (178, 33), (179, 3), (180, 24), (181, 11), (182, 5),
	(183, 3), (184, 20), (185, 18), (186, 11), (187, 5), (188, 30), (189, 21), (190, 27), (191, 24), (192, 6), (193, 4), (194, 3), (195, 0);

INSERT INTO CharacterResources(CharacterId, ResourceId)
VALUES
	(1, 4), (1, 5), (1, 6), (1, 7), (1, 8), (1, 9), (1, 10), (1, 11), (1, 12),
	(2, 13), (2, 14), (2, 15), (2, 16), (2, 17), (2, 18), (2, 19), (2, 20), (2, 21),
	(3, 157), (3, 140), (3, 22), (3, 141), (3, 110), (3, 23), (3, 142), (3, 24), (3, 143),
	(4, 160), (4, 136), (4, 137), (4, 138), (4, 139), (4, 28), (4, 29), (4, 30), (4, 112),
	(5, 156), (5, 140), (5, 141), (5, 142), (5, 143), (5, 25), (5, 26), (5, 27), (5, 110),
	(6, 162), (6, 4), (6, 5), (6, 6), (6, 7), (6, 22), (6, 23), (6, 24), (6, 12),
	(7, 163), (7, 140), (7, 141), (7, 142), (7, 143), (7, 18), (7, 19), (7, 20), (7, 110),
	(8, 164), (8, 136), (8, 137), (8, 138), (8, 139), (8, 25), (8, 26), (8, 27), (8, 112),
	(9, 165), (9, 148), (9, 149), (9, 150), (9, 151), (9, 46), (9, 47), (9, 48), (9, 111),
	(10, 8), (10, 140), (10, 141), (10, 142), (10, 143), (10, 9), (10, 10), (10, 11), (10, 110),
	(11, 159), (11, 4), (11, 5), (11, 6), (11, 7), (11, 18), (11, 19), (11, 20), (11, 12),
	(12, 157), (12, 148), (12, 149), (12, 150), (12, 151), (12, 25), (12, 26), (12, 27), (12, 111),
	(13, 169), (13, 13), (13, 14), (13, 15), (13, 16), (13, 25), (13, 26), (13, 27), (13, 21),
	(14, 159), (14, 144), (14, 145), (14, 146), (14, 147), (14, 49), (14, 50), (14, 51), (14, 109),
	(15, 161), (15, 144), (15, 145), (15, 146), (15, 147), (15, 25), (15, 26), (15, 27), (15, 109),
	(16, 8), (16, 4), (16, 5), (16, 6), (16, 7), (16, 46), (16, 47), (16, 48), (16, 12),
	(17, 168), (17, 13), (17, 14), (17, 15), (17, 16), (17, 28), (17, 29), (17, 30), (17, 21),
	(18, 160), (18, 136), (18, 137), (18, 138), (18, 139), (18, 49), (18, 50), (18, 51), (18, 112),
	(19, 169), (19, 140), (19, 141), (19, 142), (19, 143), (19, 49), (19, 50), (19, 51), (19, 110),
	(20, 158), (20, 144), (20, 145), (20, 146), (20, 147), (20, 22), (20, 23), (20, 24), (20, 109),
	(21, 160), (21, 4), (21, 5), (21, 6), (21, 7), (21, 28), (21, 29), (21, 30), (21, 12),
	(22, 17), (22, 13), (22, 14), (22, 15), (22, 16), (22, 9), (22, 10), (22, 11), (22, 21),
	(23, 167), (23, 136), (23, 137), (23, 138), (23, 139), (23, 46), (23, 47), (23, 48), (23, 112),
	(24, 168), (24, 4), (24, 5), (24, 6), (24, 7), (24, 18), (24, 19), (24, 20), (24, 12),
	(25, 169), (25, 148), (25, 149), (25, 150), (25, 151), (25, 22), (25, 23), (25, 24), (25, 111),
	(26, 158), (26, 148), (26, 149), (26, 150), (26, 151), (26, 28), (26, 29), (26, 30), (26, 111),
	(27, 166), (27, 13), (27, 14), (27, 15), (27, 16), (27, 49), (27, 50), (27, 51), (27, 21),
	(28, 166), (28, 144), (28, 145), (28, 146), (28, 147), (28, 22), (28, 23), (28, 24), (28, 113),
	(29, 164), (29, 4), (29, 5), (29, 6), (29, 7), (29, 49), (29, 50), (29, 51), (29, 113),
	(30, 157), (30, 13), (30, 14), (30, 15), (30, 16), (30, 46), (30, 47), (30, 48), (30, 21),
	(31, 163), (31, 4), (31, 5), (31, 6), (31, 7), (31, 18), (31, 19), (31, 20), (31, 113),
	(32, 161), (32, 13), (32, 14), (32, 15), (32, 16), (32, 25), (32, 26), (32, 27), (32, 114),
	(33, 175), (33, 144), (33, 145), (33, 146), (33, 147), (33, 18), (33, 19), (33, 20), (33, 115),
	(34, 171), (34, 13), (34, 14), (34, 15), (34, 16), (34, 55), (34, 56), (34, 57), (34, 116),
	(35, 172), (35, 144), (35, 145), (35, 146), (35, 147), (35, 49), (35, 50), (35, 51), (35, 115),
	(36, 174), (36, 4), (36, 5), (36, 6), (36, 7), (36, 28), (36, 29), (36, 30), (36, 117),
	(37, 172), (37, 13), (37, 14), (37, 15), (37, 16), (37, 64), (37, 65), (37, 66), (37, 114),
	(38, 173), (38, 140), (38, 141), (38, 142), (38, 143), (38, 25), (38, 26), (38, 27), (38, 119),
	(39, 177), (39, 140), (39, 141), (39, 142), (39, 143), (39, 55), (39, 56), (39, 57), (39, 119),
	(40, 176), (40, 136), (40, 137), (40, 138), (40, 139), (40, 64), (40, 65), (40, 66), (40, 118),
	(41, 175), (41, 4), (41, 5), (41, 6), (41, 7), (41, 18), (41, 19), (41, 20), (41, 117),
	(42, 176), (42, 148), (42, 149), (42, 150), (42, 151), (42, 64), (42, 65), (42, 66), (42, 116),
	(43, 170), (43, 148), (43, 149), (43, 150), (43, 151), (43, 22), (43, 23), (43, 24), (43, 120),
	(44, 165), (44, 148), (44, 149), (44, 150), (44, 151), (44, 25), (44, 26), (44, 27), (44, 120),
	(45, 166), (45, 13), (45, 14), (45, 15), (45, 16), (45, 49), (45, 50), (45, 51), (45, 121),
	(46, 175), (46, 140), (46, 141), (46, 142), (46, 143), (46, 55), (46, 56), (46, 57), (46, 121),
	(47, 171), (47, 136), (47, 137), (47, 138), (47, 139), (47, 46), (47, 47), (47, 48), (47, 118),
	(48, 167), (48, 136), (48, 137), (48, 138), (48, 139), (48, 46), (48, 47), (48, 48), (48, 122),
	(49, 174), (49, 140), (49, 141), (49, 142), (49, 143), (49, 64), (49, 65), (49, 66), (49, 122),
	(50, 170), (50, 144), (50, 145), (50, 146), (50, 147), (50, 18), (50, 19), (50, 20), (50, 122);